project_id,observed_cost_10k_CNY,predicted_cost_10k_CNY,observed_cost_standardized,predicted_output_standardized,base_value_standardized,base_value_10k_CNY,value__steel_price,shap_standardized__steel_price,shap_10k_CNY__steel_price,value__opgw_erection_length,shap_standardized__opgw_erection_length,shap_10k_CNY__opgw_erection_length,value__conductor_unit_price,shap_standardized__conductor_unit_price,shap_10k_CNY__conductor_unit_price,value__conductor_erection_length,shap_standardized__conductor_erection_length,shap_10k_CNY__conductor_erection_length,value__conductor_cross_sectional_area,shap_standardized__conductor_cross_sectional_area,shap_10k_CNY__conductor_cross_sectional_area,value__number_of_crossings,shap_standardized__number_of_crossings,shap_10k_CNY__number_of_crossings,value__voltage_level,shap_standardized__voltage_level,shap_10k_CNY__voltage_level
1,251.2449,134.0608277295471,-0.6346111569101526,-0.7025792180364722,-0.013811938300861233,1321.5679207457154,7053.0,-0.023829016234661732,-41.08372541901282,3.4,-0.15797061183369737,-272.357917630216,15368.0,0.026409185841242543,45.53220867184036,1.7,-0.24459092600461865,-421.7004321537608,325.0,0.05840572115088009,100.69759435439192,7.0,-0.11340782016698528,-195.52698685612978,110.0,-0.23378381248777053,-403.06783398328105
2,737.2795,853.559094381711,-0.35270570028747966,-0.2852622463644967,-0.013811938300861233,1321.5679207457154,7054.0,-0.014202659300105069,-24.486875545308827,9.96,-0.1697432611086298,-292.6552008039177,13983.0,0.044161147066325804,76.13845332072425,4.455,-0.1783661054709105,-307.52188966014995,435.0,-0.0843388315476451,-145.40899898434327,33.0,-0.15237146306427796,-262.7043973859172,220.0,0.2834108653616072,488.6300826949086
3,1250.0655,1172.0348184506931,-0.055284135074398284,-0.10054279549226916,-0.013811938300861233,1321.5679207457154,7460.0,-0.07790743790642281,-134.32060121686771,27.464,0.02576158230376737,44.41567219160958,15800.0,0.058320603078926656,100.55084186314792,12.872,0.10879876263731988,187.58048784314212,325.0,0.026599297659555227,45.85998140343582,172.0,0.06087693570263421,104.95822765523522,110.0,-0.28918060066718854,-498.5777120347252
4,915.669,740.5595262691891,-0.24923781249885246,-0.3508032486859885,-0.013811938300861233,1321.5679207457154,9012.0,0.08846878553121898,152.52947319038705,9.06,-0.1375331545160216,-237.12159581006324,22900.0,0.03869938020171055,66.72179390185501,6.875,-0.06546944715393586,-112.87619949221347,325.0,0.07423579209088702,127.99029840302681,61.0,-0.10124272304302698,-174.5530823938325,110.0,-0.2341499434959593,-403.6990822756858
5,687.4845,216.27221790984754,-0.38158735236024566,-0.6548957002614777,-0.013811938300861233,1321.5679207457154,7041.0,-0.023226942435676377,-40.04568698738357,7.752,-0.14697886267031596,-253.40698822314488,16320.0,0.028899971514115285,49.82658463995374,3.58,-0.1837412460344235,-316.78919624239757,340.0,0.028219605350657956,48.65356195330127,35.0,-0.09775595940978178,-168.54153587010845,110.0,-0.24650032827519208,-424.9924421060882
6,599.647,1632.02342137979,-0.43253407620684836,0.16625569405961138,-0.013811938300861233,1321.5679207457154,8700.0,0.050281449957247454,86.69049797819791,19.4,-0.09393549283152552,-161.95465043900606,23600.0,-0.026279457816608717,-45.30854393928399,8.7,-0.0027526718772882377,-4.745895275804443,435.0,-0.07913678770705579,-136.4401293230955,148.0,0.03903548352813235,67.30127131876341,220.0,0.292855109107571,504.9129503143034
7,1284.8217,2525.0949657329847,-0.035125153735479295,0.6842470911897807,-0.013811938300861233,1321.5679207457154,8700.0,0.10958933093786785,188.94351058251326,39.4,0.18321503451301008,315.8819523408796,23600.0,-0.31057852883748016,-535.4699864293882,18.145,0.26126753031675976,450.45264860006665,435.0,-0.07835186021953872,-135.0868319375291,239.0,0.27755783419484065,478.53884254649734,220.0,0.2553596885851825,440.26690928422994
8,3673.422,1513.8505115137343,1.3502895024650328,0.09771409616468699,-0.013811938300861233,1321.5679207457154,9000.0,0.08273616727030877,142.64583753191326,27.59,-0.0424558550010738,-73.19835078866397,21600.0,-0.08735279410209294,-150.60538681633466,11.743,0.10866243048698067,187.34543690460723,435.0,-0.07515169237141268,-129.56940663249617,54.0,-0.12946816241958095,-223.21670282020037,220.0,0.2545559406024191,438.8811633891936
9,709.4786,1727.0794171241669,-0.36883053051360193,0.2213892254687773,-0.013811938300861233,1321.5679207457154,9000.0,0.09782430226436029,168.6593661256341,31.635,0.03640399454600305,62.76430807528302,26600.0,-0.3392019857992704,-584.8198309542566,2.361,-0.2631546321738447,-453.7062102985733,435.0,-0.13894267077852776,-239.55174980937954,400.0,0.6026654413275973,1039.0584851344227,220.0,0.23960671438332098,413.10712810532146
10,475.7805,245.05420876061748,-0.5043780195037912,-0.6382018264646413,-0.013811938300861233,1321.5679207457154,7920.0,-0.03733362918393052,-64.36709577866542,6.424,-0.17124307372356454,-295.24103519360267,16000.0,0.03048758299807401,52.56379349644675,6.01,-0.10238018768431155,-176.51419083977817,325.0,0.05374286743297784,92.6583450656754,18.0,-0.135921037273448,-234.3421364532473,110.0,-0.2617424107295773,-451.27139228192647
11,1459.8556,1314.569793646606,0.06639644884990721,-0.01787092960596151,-0.013811938300861233,1321.5679207457154,7920.0,-0.013236247378256155,-22.820679943782146,24.16,-0.06870975697939677,-118.46283378004122,16000.0,0.04708390644681322,81.17759730683323,24.16,0.30881422863015956,532.4281476660727,325.0,-0.0205812421086943,-35.484221893553304,152.0,0.026496087467163996,45.68203619735228,110.0,-0.2839259673828898,-489.51817265199077
12,1398.5986,1195.87458228979,0.03086670969895975,-0.08671546815623739,-0.013811938300861233,1321.5679207457154,8500.0,0.08214948825033744,141.63434131535786,23.98,-0.057029192559670455,-98.32431456324322,22000.0,-0.10739674244605202,-185.16325785753426,23.82,0.2720067275164693,468.9681519103426,325.0,-0.011375445505084309,-19.612462178359902,144.0,0.008979217296807633,15.481113205298552,110.0,-0.26023758240818373,-448.67691028778694
13,181.4423,-55.86334350148422,-0.6750974388054123,-0.8127373430229785,-0.013811938300861233,1321.5679207457154,8500.0,0.006075926553541614,10.475535193462681,0.778,-0.20967984445340745,-361.51006279875475,16000.0,0.031141886903507034,53.69188211440222,0.504,-0.2851118255061995,-491.5627165410119,325.0,0.07023326496406487,121.08952147454757,8.0,-0.16665544629612647,-287.33148392646143,110.0,-0.24492936688749758,-422.2839397633843
14,1392.8962,1375.9056224144967,0.02755925447695464,0.0177045311043301,-0.013811938300861233,1321.5679207457154,7910.0,-0.004320619583157549,-7.449201714683131,29.096,0.04855523530965827,83.71432271785828,17900.0,-0.028768150972355896,-49.599312188212714,14.008,0.13993028829545062,241.25450608285277,325.0,0.037409216922183616,64.49741697417149,191.0,0.11349796879985286,195.68241256246858,110.0,-0.2747874693664406,-473.7624427656739
15,1619.53,1802.5220442125126,0.15900937114587396,0.26514678560575955,-0.013811938300861233,1321.5679207457154,7910.0,0.0061319087995720745,10.572054462307255,35.759,0.1992022469602791,343.4455848438287,20100.0,-0.12207124401131675,-210.46363899921374,17.78,0.22294533585766924,384.38116251323703,325.0,0.022507734891898876,38.80569768371868,227.0,0.20890677152980447,360.1772039257989,110.0,-0.25866403012128614,-445.96394096287946
16,3107.9923,2527.814580090024,1.0223340075959002,0.6858244976689875,-0.013811938300861233,1321.5679207457154,7920.0,0.005148498947183729,8.876552644187475,31.46,0.04518430192952987,77.90247970968862,21000.0,-0.14636290501051932,-252.34501255803065,14.585,0.19722467762403723,340.03604771450983,675.0,-0.11071001491146487,-190.87568739582943,268.0,0.324410206127638,559.3172500460311,220.0,0.3847416712634442,663.3350291837519
17,1168.257,839.368552649498,-0.10273397207801056,-0.2934929178984628,-0.013811938300861233,1321.5679207457154,7920.0,-0.010570675170094832,-18.224953640765253,16.74,-0.1873818692263429,-323.0660127965506,13982.62,0.06676057174951552,115.10223382968522,2.991,-0.24702460220012937,-425.89634538788385,435.0,-0.09741949174938783,-167.9614303031864,80.0,-0.10091160640896091,-173.98220255801914,220.0,0.2968666934077987,511.82934276050275
18,359.7784,290.06838557933065,-0.5716605236088261,-0.6120931048415859,-0.013811938300861233,1321.5679207457154,7053.0,-0.10190501132753221,-175.6949369194618,4.63,-0.23437119964092418,-404.08055109577845,13199.0,0.05465080166394548,94.22371898947753,4.2,-0.15101474470037007,-260.3652725061983,270.0,0.2586676910451386,445.9702527799034,24.0,-0.14484440598457965,-249.72696083418325,35.0,-0.27946429759640246,-481.82578558014353
19,338.6716,490.67817749572407,-0.583902701618053,-0.49573720138703703,-0.013811938300861233,1321.5679207457154,7053.46,-0.1049589845707268,-180.9603073789402,8.4,-0.2182258260755793,-376.2442322224394,13506.0,0.05401276875268711,93.12368327351275,7.34,-0.05798693228597595,-99.9755583892968,270.0,0.2513415775449027,433.33926405304186,32.0,-0.13914106467494905,-239.89380171303824,35.0,-0.2669668017765344,-460.27879087283105
20,515.0479,225.86375921146214,-0.48160249214959644,-0.6493324999659702,-0.013811938300861233,1321.5679207457154,7053.46,-0.039671171352182566,-68.39726385820781,7.74,-0.19828371362213038,-341.8619369466142,13648.14,0.03427857734761008,59.09986571141369,5.404,-0.12371869849869739,-213.30402347557387,325.0,0.05257165366287439,90.63904957886027,47.0,-0.10201186762990541,-175.87916840190152,110.0,-0.25868534157267775,-446.00068414222983
21,1866.3443,2222.3339874137814,0.302164401554214,0.5086423670804227,-0.013811938300861233,1321.5679207457154,7053.46,-0.13763011099833622,-237.28875896349686,40.24,0.4229672694568289,729.2399731683947,13648.14,0.22856641460045868,394.0724923337058,18.597,0.24981357754891825,430.70483165948104,325.0,0.010736372315873254,18.51063291400242,151.0,0.0171011974740345,29.484259628711552,110.0,-0.2691004150164935,-463.9573640727328
22,912.7356,626.5443681399781,-0.25093921702119915,-0.4169333044769167,-0.013811938300861233,1321.5679207457154,7920.0,-0.03687806784719276,-63.581660211970565,18.1,-0.12259239083944719,-211.36215083785004,20700.0,0.021200486520766802,36.55186426461512,9.8,0.026535753197461286,45.750424080260686,325.0,0.03601322155593502,62.09057441934766,98.0,-0.06876014228678921,-118.54970333914004,110.0,-0.25864022647678947,-445.9229009810001
23,356.1576,198.7335308021461,-0.5737606277523158,-0.6650683332338191,-0.013811938300861233,1321.5679207457154,7180.0,-0.035640194072793875,-61.447435880173565,7.74,-0.16511998518312893,-284.6841877839458,15368.0,0.028547391044598854,49.21869889867629,3.601,-0.18209479369355225,-313.9505395718191,325.0,0.05636454831406011,97.17839811335375,30.0,-0.10767624401942719,-185.64514791046997,110.0,-0.24563711732271457,-423.5041758091907
24,446.5739,741.9886510818471,-0.5213181713147853,-0.34997434045006626,-0.013811938300861233,1321.5679207457154,7054.0,-0.012320376540495517,-21.241622476730427,6.0,-0.16428867821848667,-283.2509273111699,13982.62,0.04195279729635297,72.33102649767598,2.785,-0.248914585068581,-429.15487425241827,435.0,-0.08652833122867964,-149.1839262752901,34.0,-0.1476319848619862,-254.53303944252394,220.0,0.281568756472671,485.4540935965885
25,36.1143,127.73579270667938,-0.7593892900441097,-0.70624780847484,-0.013811938300861233,1321.5679207457154,7180.02,-0.08583586493834555,-147.9900416997017,1.028,-0.24240438182526905,-417.93060045797006,13199.53,0.05136853339118013,88.56474393394505,1.248,-0.2411716662766153,-415.805269448838,270.0,0.2668864281656448,460.14021833050674,4.0,-0.16443075995301637,-283.49589113640684,35.0,-0.27684815873755736,-477.31528756057105
26,8183.1528,8504.794278253517,3.965983365452013,4.152538988849709,-0.013811938300861233,1321.5679207457154,8930.0,0.1890745064903476,325.9842971228337,96.9,2.0892843323708563,3602.145509830707,22400.0,-0.314716663853394,-542.6045655939829,43.81,0.9020582140866942,1555.2430538695678,675.0,-0.09001832307393565,-155.20103857539956,484.0,1.1299443807404463,1948.1427273347094,220.0,0.2607244803895546,449.51637351936654
27,741.5307,853.559094381711,-0.3502399571548008,-0.2852622463644967,-0.013811938300861233,1321.5679207457154,7054.0,-0.014202659300105069,-24.486875545308827,9.96,-0.1697432611086298,-292.6552008039177,13983.0,0.044161147066325804,76.13845332072425,4.455,-0.1783661054709105,-307.52188966014995,435.0,-0.0843388315476451,-145.40899898434327,33.0,-0.15237146306427796,-262.7043973859172,220.0,0.2834108653616072,488.6300826949086
28,908.2638,1426.8629626447535,-0.25353291059965066,0.047260353397408444,-0.013811938300861233,1321.5679207457154,7054.0,-0.04610767235654067,-79.49446725587053,21.92,-0.08746770916086735,-150.80351244077107,14058.0,0.1132916440345565,195.3266870083331,4.447,-0.21133396861496373,-364.361946493537,675.0,-0.18095017337580502,-311.9770939884908,154.0,0.07570852736999803,130.52944862333172,220.0,0.3979316438018919,686.0759264460427
29,98.7841,83.11890366794637,-0.7230401112295733,-0.7321260987808124,-0.013811938300861233,1321.5679207457154,7053.46,-0.09889394467731444,-170.5035419303581,1.1,-0.24072489762326887,-415.0349933913142,13199.53,0.05066659086793566,87.35452133805977,1.021,-0.24813505638923383,-427.810884978872,270.0,0.26147523978304854,450.81076152407087,10.0,-0.15633465171424127,-269.53735065076916,35.0,-0.28636744072687703,-493.7275289885863
30,846.5218,883.1171520783724,-0.28934395512775024,-0.26811824519285865,-0.013811938300861233,1321.5679207457154,8750.0,0.0961680511330121,165.8038153116538,25.4,-0.03659033195955452,-63.085573336855255,22400.0,-0.05636548043185867,-97.18000518228672,7.853,-0.034573658119533904,-59.608615938060254,325.0,0.07688887048091206,132.56448405204895,88.0,-0.07121552198252976,-122.78303568596554,110.0,-0.22861823601244474,-394.1618378878779
31,611.6234,616.9444864318535,-0.42558763142555966,-0.4225013423006694,-0.013811938300861233,1321.5679207457154,8750.0,0.04823274388100498,83.15831364160003,13.4,-0.12697217475875525,-218.9133580787819,22400.0,0.03657091998752382,63.05210505931928,6.17,-0.08649984410723482,-149.1348114875082,325.0,0.068996807678841,118.95773931878303,50.0,-0.11340986046759995,-195.53050454856827,110.0,-0.2356079962135879,-406.21291821870574
32,3364.0085,1780.827921947388,1.1708262420248925,0.2525639541711702,-0.013811938300861233,1321.5679207457154,8750.0,0.06891963166739928,118.82467977357217,25.9,-0.049884462668115415,-86.00605021833552,22700.0,-0.09743931870618337,-167.99561405801964,11.661,0.10530904181778099,181.56384281981963,435.0,-0.07337526944688438,-126.50666703214287,139.0,0.025331583909615308,43.67430982138034,220.0,0.2875146858984191,495.70550009539863
33,482.2952,957.9306568884836,-0.5005994212758879,-0.22472558295227554,-0.013811938300861233,1321.5679207457154,7053.46,-0.016177810889454636,-27.89224422518443,10.06,-0.17864064970140714,-307.9952327335703,13982.62,0.04622900116411201,79.7036508565106,4.753,-0.16716389546704735,-288.20810367114285,435.0,-0.0839517280886182,-144.74159198512868,64.0,-0.10950179387218531,-188.79258749214847,220.0,0.2982932322031862,514.2888453934322
34,500.4875,937.6137489509697,-0.490047685579465,-0.23650961480779706,-0.013811938300861233,1321.5679207457154,7053.46,-0.015594815680162515,-26.88709928494484,10.02,-0.17585192239179526,-303.1871741075519,13982.62,0.045798827532021386,78.96198635767983,4.783,-0.1655710927260644,-285.4619445425924,435.0,-0.08346472541981839,-143.9019482614321,55.0,-0.12230675123050458,-210.86967816726104,220.0,0.2942928034093879,507.3916862113568
35,8297.0713,5908.222317689653,4.032057358456359,2.6464984637587268,-0.013811938300861233,1321.5679207457154,7910.0,0.010336868313862458,17.821846076947278,74.65,1.3154583682469625,2267.988315967004,21000.0,-0.19943273491114064,-343.84297026638814,33.991,0.7107675250393723,1225.4378253766554,675.0,0.04689463350053978,80.85127087869331,284.0,0.44350640879116143,764.651605459246,220.0,0.33277933307883056,573.7465034517807
36,854.1898,1474.225262669784,-0.28489643011331167,0.07473101251356239,-0.013811938300861233,1321.5679207457154,7053.0,-0.04782814307267642,-82.4607393754202,25.6,-0.027425239409922662,-47.283991683593165,13982.62,0.12342922342090415,212.80493805406135,6.043,-0.11070927357320523,-190.87440925084846,435.0,-0.08583046612114234,-147.98073357210717,93.0,-0.0662434564493018,-114.21067276838349,220.0,0.3031503060197679,522.6629505203597
37,583.5851,550.0496910271061,-0.44185015628371477,-0.46130106529210996,-0.013811938300861233,1321.5679207457154,9060.0,0.02307275287782461,39.77984800373108,3.39755,-0.11204565073413814,-193.1784637613383,19300.0,0.026164281524292947,45.10996792079951,1.39,-0.352150331346999,-607.1441379199625,675.0,-0.23164824029824205,-399.3858833486827,28.0,-0.15706790945205273,-270.8015639638556,220.0,0.3561859704380658,614.1020033506995
38,688.4352,663.3473343069413,-0.38103593581991874,-0.3955871760688434,-0.013811938300861233,1321.5679207457154,7053.46,-0.09881735993246687,-170.37150179082326,23.74,-0.10201778716729532,-175.88937430576004,16400.0,0.0062195040850530695,10.72307792971614,11.599,0.07812882700455816,134.70229926218298,325.0,0.02425084961556283,41.81101044928216,152.0,-0.012226340775610021,-21.079494946744404,110.0,-0.27731293059778406,-478.1166030366276
39,789.1675,1313.9399421620408,-0.32261008500980753,-0.01823625045011714,-0.013811938300861233,1321.5679207457154,7053.46,-0.11778022749853864,-203.06547608542158,32.06,0.11678103708039843,201.34276691539426,16400.0,0.04645710584950139,80.0969272792148,14.797,0.16735323926711587,288.5345522586633,325.0,0.01551155603749229,26.74355092087209,167.0,0.039086202976924764,67.38871697271198,110.0,-0.2718332258621501,-468.6690168451095
40,313.7054,539.4498872100922,-0.5983833744161069,-0.46744906902506644,-0.013811938300861233,1321.5679207457154,7053.46,-0.007141743175798655,-12.313114933415784,1.95,-0.15008306508032998,-258.7589590389835,14058.33,0.036529502656529135,62.980697232935796,2.238,-0.3077887082399009,-530.6600428601471,675.0,-0.20682112974590833,-356.581338551912,6.0,-0.1887788333885225,-325.474525657258,220.0,0.3704468462497262,638.6892502731579
41,1395.9412,1133.4257717225798,0.02932538823660068,-0.12293647064966515,-0.013811938300861233,1321.5679207457154,7053.46,-0.01754175144905327,-30.243820928418003,17.34232,-0.1555432446116375,-268.1728817286012,15805.31,0.03217482166154975,55.47277006870445,8.191,-0.0547375966716949,-94.37336269406872,675.0,-0.17345953513365064,-299.0624473357187,62.0,-0.11868152888095596,-204.61941428204537,220.0,0.37866430273663854,652.857007877012
42,1029.984,542.1438179602192,-0.18293384509854632,-0.46588655932262063,-0.013811938300861233,1321.5679207457154,7053.46,-0.07716460401985739,-133.03987761808148,20.65439,-0.14858655067282509,-256.17881110513406,13648.14,0.06997241373164242,120.63978656721781,10.649,0.04804990679375423,82.84308331001398,325.0,0.036807920193268104,63.460718292914905,55.0,-0.1261783029204787,-217.54463969358065,110.0,-0.25497540412726283,-439.60436253884643
43,573.3976,703.5422967818314,-0.44775901923162725,-0.3722736521954091,-0.013811938300861233,1321.5679207457154,10400.0,0.4424712083729747,762.8668112690198,2.617,-0.3904066102783824,-673.1019787175993,10400.0,0.15801020145720734,272.4261742970338,1.289,-0.2677414339743916,-461.61433809828463,325.0,0.13550530773906838,233.625375095127,7.0,-0.2439844703178381,-420.65483888758774,110.0,-0.1923159168931861,-331.5728289215926
44,3189.737,4592.145492551556,1.0697468398921677,1.8831593139511356,-0.013811938300861233,1321.5679207457154,7053.0,-0.08996388035618463,-155.10717361491942,44.67228,0.45711730491824304,788.1182191744329,15805.31,0.11374881544128668,196.11489850471062,43.4,0.8545979632101324,1473.4165992594158,675.0,0.10612861228287399,182.97686833534365,165.0,0.11742732477228864,202.4570347397068,220.0,0.337915111983357,582.6011254071514
