,Steel price,OPGW erection length,Conductor unit price,Conductor erection length,Conductor cross sectional area,Number of crossings,Voltage level,Cost
index,x1,x2,x3,x4,x5,x6,x7,y
1,7053,3.4,15368,1.7,325,7,110,251.2449
2,7054,9.96,13983,4.455,435,33,220,737.2795
3,7460,27.464,15800,12.872,325,172,110,1250.0655
4,9012,9.06,22900,6.875,325,61,110,915.669
5,7041,7.752,16320,3.58,340,35,110,687.4845
6,8700,19.4,23600,8.7,435,148,220,599.647
7,8700,39.4,23600,18.145,435,239,220,1284.8217
8,9000,27.59,21600,11.743,435,54,220,3673.422
9,9000,31.635,26600,2.361,435,400,220,709.4786
10,7920,6.424,16000,6.01,325,18,110,475.7805
11,7920,24.16,16000,24.16,325,152,110,1459.8556
12,8500,23.98,22000,23.82,325,144,110,1398.5986
13,8500,0.778,16000,0.504,325,8,110,181.4423
14,7910,29.096,17900,14.008,325,191,110,1392.8962
15,7910,35.759,20100,17.78,325,227,110,1619.53
16,7920,31.46,21000,14.585,675,268,220,3107.9923
17,7920,16.74,13982.62,2.991,435,80,220,1168.257
18,7053,4.63,13199,4.2,270,24,35,359.7784
19,7053.46,8.4,13506,7.34,270,32,35,338.6716
20,7053.46,7.74,13648.14,5.404,325,47,110,515.0479
21,7053.46,40.24,13648.14,18.597,325,151,110,1866.3443
22,7920,18.1,20700,9.8,325,98,110,912.7356
23,7180,7.74,15368,3.601,325,30,110,356.1576
24,7054,6,13982.62,2.785,435,34,220,446.5739
25,7180.02,1.028,13199.53,1.248,270,4,35,36.1143
26,8930,96.9,22400,43.81,675,484,220,8183.1528
27,7054,9.96,13983,4.455,435,33,220,741.5307
28,7054,21.92,14058,4.447,675,154,220,908.2638
29,7053.46,1.1,13199.53,1.021,270,10,35,98.7841
30,8750,25.4,22400,7.853,325,88,110,846.5218
31,8750,13.4,22400,6.17,325,50,110,611.6234
32,8750,25.9,22700,11.661,435,139,220,3364.0085
33,7053.46,10.06,13982.62,4.753,435,64,220,482.2952
34,7053.46,10.02,13982.62,4.783,435,55,220,500.4875
35,7910,74.65,21000,33.991,675,284,220,8297.0713
36,7053,25.6,13982.62,6.043,435,93,220,854.1898
37,9060,3.39755,19300,1.39,675,28,220,583.5851
38,7053.46,23.74,16400,11.599,325,152,110,688.4352
39,7053.46,32.06,16400,14.797,325,167,110,789.1675
40,7053.46,1.95,14058.33,2.238,675,6,220,313.7054
41,7053.46,17.34232,15805.31,8.191,675,62,220,1395.9412
42,7053.46,20.65439,13648.14,10.649,325,55,110,1029.984
43,10400,2.617,10400,1.289,325,7,110,573.3976
44,7053,44.67228,15805.31,43.4,675,165,220,3189.737
